{
  "users": [
    {
      "id": 1,
      "username": "ciao",
      "password": "ciao"
    },
    {
      "id": 2,
      "username": "janedoe",
      "password": "mypassword"
    }
  ],
  "clients": [
    {
      "id": 1,
      "nome": "Mario",
      "cognome": "Rossi",
      "email": "mario.rossi@example.com",
      "azienda": "TechCorp",
      "codicefiscale": "A1234567890",
      "datadinascita": "1990-05-15",
      "userId": "1"
    },
    {
      "id": 2,
      "nome": "Luisa",
      "cognome": "Verdi",
      "email": "luisa.verdi@example.com",
      "azienda": "Innova",
      "codicefiscale": "A1234567890",
      "datadinascita": "1990-05-15",
      "userId": "2"
    },
    {
      "id": 3,
      "nome": "Paolo",
      "cognome": "Bianchi",
      "email": "paolo.bianchi@example.com",
      "azienda": "DevSolutions",
      "codicefiscale": "A1234567890",
      "datadinascita": "1990-05-15",
      "userId": 3
    },
    {
      "id": 4,
      "nome": "Luca",
      "cognome": "Verdi",
      "email": "luca.verdi@example.com",
      "azienda": "WebTech",
      "codicefiscale": "B9876543210",
      "datadinascita": "1988-04-12",
      "userId": 4
    },
    {
      "id": 5,
      "nome": "Giulia",
      "cognome": "Rossi",
      "email": "giulia.rossi@example.com",
      "azienda": "CreativeMedia",
      "codicefiscale": "C1237894560",
      "datadinascita": "1992-11-21",
      "userId": 5
    },
    {
      "id": "6",
      "codiceFiscale": "addwda",
      "nome": "wdqwdqwddwadwa",
      "cognome": "dwadwdasd",
      "dataDiNascita": "2024-10-10",
      "userId": "6"
    },
    {
      "id": "edeb",
      "codiceFiscale": "ciao",
      "nome": "ciao",
      "cognome": "ciao",
      "dataDiNascita": "2024-10-03",
      "userId": "1"
    }
  ]
}